﻿{
   "CodeGenerationMode": 2,
   "ContextClassName": "FoodcoreContext",
   "ContextNamespace": null,
   "DefaultDacpacSchema": null,
   "FilterSchemas": false,
   "IncludeConnectionString": true,
   "ModelNamespace": null,
   "OutputContextPath": null,
   "OutputPath": "Models",
   "ProjectRootNamespace": "Foodcore",
   "Schemas": null,
   "SelectedHandlebarsLanguage": 0,
   "SelectedToBeGenerated": 0,
   "Tables": [
      {
         "Name": "[dbo].[menu]",
         "ObjectType": 0
      },
      {
         "Name": "[dbo].[orders]",
         "ObjectType": 0
      },
      {
         "Name": "[dbo].[register]",
         "ObjectType": 0
      }
   ],
   "UiHint": "LAPTOP-V357IG6O\\SQLEXPRESS01.foodcore",
   "UseBoolPropertiesWithoutDefaultSql": false,
   "UseDatabaseNames": false,
   "UseDbContextSplitting": false,
   "UseFluentApiOnly": true,
   "UseHandleBars": false,
   "UseHierarchyId": false,
   "UseInflector": true,
   "UseLegacyPluralizer": false,
   "UseManyToManyEntity": false,
   "UseNoConstructor": false,
   "UseNoDefaultConstructor": false,
   "UseNoNavigations": false,
   "UseNoObjectFilter": false,
   "UseNodaTime": false,
   "UseNullableReferences": false,
   "UseSchemaFolders": false,
   "UseSpatial": false
}